OID_,CGI,FREQUENCY,PCI,ECI,LONGITUDE (processed),LATITUDE (processed),angle,TAC,Down frequency,Bandwidth,Electrical Tilt,Mechanical Tilt,Antenna transmit power(dBm),Height
1,97780550,5,908,40050913280,106.7260665,29.52750374,90,9787648,630000,100M,0,6,24,26
2,97780560,20,807,40050917376,106.721213,29.50686034,40,9787648,630000,100M,0,0,24,29
3,97781691,10,660,40051380225,106.7300619,29.5203918,150,9787648,630000,100M,0,3,24,20
4,100927882,18,497,41340059650,106.7588414,29.60131073,220,10121472,630000,100M,0,6,24,29
5,100927885,36,959,41340059653,106.7656516,29.60515542,230,10121472,630000,100M,0,6,24,26
6,977834610,9,117,40052105226,106.8185669,29.4958313,335,9774592,630000,100M,3,0,24,28
7,10092548259,313,251,41339076867,106.7179336,29.59225518,0,10121472,636664,100M,6,3,24,20
8,10092548260,34,249,41339076868,106.7179336,29.59225518,90,10121472,636664,100M,6,3,24,20
9,10092578257,19,763,41339199745,106.7673845,29.59779031,210,10121472,636664,100M,0,5,24,28
10,10092578258,11,764,41339199746,106.7673845,29.59779031,320,10121472,636664,100M,6,12,24,28
11,10092582256,292,621,41339216128,106.7289954,29.59282053,120,10121472,636664,100M,6,3,24,28
12,10092582257,785,623,41339216129,106.7289954,29.59282053,210,10121472,636664,100M,6,3,24,28
13,10092582258,567,622,41339216130,106.7289954,29.59282053,330,10121472,636664,100M,6,3,24,28
14,10092616260,7,115,41339355396,106.7157308,29.59585115,100,10121472,636664,100M,6,5,24,30
15,10092616261,124,116,41339355397,106.7157308,29.59585115,170,10121472,636664,100M,6,6,24,30
16,10092653256,415,981,41339506944,106.7463202,29.57263811,0,10116864,636664,100M,6,2,24,25
17,10092653259,106,302,41339506947,106.7541166,29.5920025,70,10121472,636664,100M,0,4,16,8
18,10092653260,390,301,41339506948,106.7541166,29.5920025,200,10121472,636664,100M,0,4,16,8
19,10092653261,216,300,41339506949,106.7541166,29.5920025,300,10121472,636664,100M,0,4,16,8
20,10092668259,540,419,41339568387,106.7212442,29.58286284,110,10121472,636664,100M,0,8,24,26
21,10092668384,361,777,41339568512,106.7462975,29.60029101,360,10121472,636664,100M,0,0,24,0
22,10092668385,74,778,41339568513,106.7462975,29.60029101,360,10121472,636664,100M,0,0,24,0
23,10092673257,442,364,41339588865,106.6956074,29.60877901,170,10121472,630000,100M,6,6,24,20
24,10092692256,31,60,41339666688,106.7363832,29.5817155,40,10121472,636664,100M,6,12,24,99
25,10092692257,1186,61,41339666689,106.7363832,29.5817155,210,10121472,636664,100M,6,12,24,99
26,10092692258,93,62,41339666690,106.7363832,29.5817155,300,10121472,636664,100M,6,12,24,99
27,10092692259,364,108,41339666691,106.7360763,29.58845558,90,10121472,636664,100M,6,12,24,99
28,10092692260,396,109,41339666692,106.7360763,29.58845558,230,10121472,636664,100M,6,12,24,99
29,10092692261,172,110,41339666693,106.7360763,29.58845558,330,10121472,636664,100M,6,12,24,99
30,10092693256,41,393,41339670784,106.7326759,29.58657693,50,10121472,636664,100M,6,16,24,99
31,10092693257,91,394,41339670785,106.7326759,29.58657693,180,10121472,636664,100M,6,12,24,99
32,10092693258,149,395,41339670786,106.7326759,29.58657693,330,10121472,636664,100M,6,12,24,99
33,10092693259,316,243,41339670787,106.7339956,29.5807312,40,10121472,636664,100M,6,12,24,99
34,10092693260,1068,244,41339670788,106.7339956,29.5807312,220,10121472,636664,100M,6,12,24,99
35,10092693261,789,245,41339670789,106.7339956,29.5807312,350,10121472,636664,100M,6,12,24,99
36,10092721262,179,129,41339785478,106.7635483,29.58323834,80,10121472,636664,100M,0,4,24,20
37,10092721263,32,130,41339785479,106.7635483,29.58323834,170,10121472,636664,100M,0,4,24,20
38,10092721264,8,131,41339785480,106.7635483,29.58323834,280,10121472,636664,100M,0,4,24,20
39,10092721265,31,575,41339785481,106.7654686,29.58869428,20,10121472,636664,100M,0,6,16,26
40,10092721267,871,118,41339785483,106.7654686,29.58869428,230,10121472,636664,100M,0,6,16,26
41,10092751256,112,768,41339908352,106.7331208,29.58412029,60,10121472,636664,100M,6,10,24,93
42,10092751257,213,769,41339908353,106.7331208,29.58412029,160,10121472,636664,100M,6,10,24,93
43,10092751258,746,770,41339908354,106.7331208,29.58412029,320,10121472,636664,100M,6,10,24,93
44,10092751259,309,144,41339908355,106.7345579,29.58257033,50,10121472,636664,100M,6,12,24,99
45,10092751260,846,145,41339908356,106.7345579,29.58257033,145,10121472,636664,100M,6,12,24,99
46,10092751261,172,146,41339908357,106.7345579,29.58257033,235,10121472,636664,100M,6,12,24,99
47,10092755256,571,72,41339924736,106.7358737,29.60333942,60,10121472,636664,100M,0,4,24,20
48,10092755257,69,73,41339924737,106.7358737,29.60333942,180,10121472,636664,100M,0,4,24,20
49,10092755258,364,74,41339924738,106.7358737,29.60333942,320,10121472,636664,100M,0,4,24,20
50,10092757256,417,126,41339932928,106.7229594,29.59388906,80,10121472,636664,100M,0,4,24,25
51,10092757257,97,127,41339932929,106.7229594,29.59388906,240,10121472,636664,100M,0,4,24,25
52,10092757258,63,128,41339932930,106.7229594,29.59388906,330,10121472,636664,100M,0,4,24,25
53,10092757259,7,348,41339932931,106.7199599,29.59701501,0,10121472,636664,100M,0,4,24,17
54,10092757260,40,49,41339932932,106.7199599,29.59701501,90,10121472,636664,100M,0,7,24,17
55,10092757261,133,50,41339932933,106.7199599,29.59701501,180,10121472,636664,100M,0,8,24,17
56,10092757262,102,423,41339932934,106.7199599,29.59701501,270,10121472,636664,100M,6,7,24,17
57,10092759261,29,86,41339941125,106.7553977,29.60735375,270,10121472,636664,100M,6,0,24,25
58,10092760256,6,39,41339945216,106.723709,29.58068303,140,10116864,636664,100M,0,4,24,9
59,10092770256,261,753,41339986176,106.7537242,29.59519505,70,10121472,636664,100M,6,0,24,18
60,10092770257,3710,889,41339986177,106.7537242,29.59519505,230,10121472,636664,100M,6,2,24,18
61,10092770258,1999,755,41339986178,106.7537242,29.59519505,340,10121472,636664,100M,0,4,24,18
62,10092772256,867,540,41339994368,106.7401009,29.60490292,20,10121472,636664,100M,0,4,24,25
63,10092772257,95,541,41339994369,106.7401009,29.60490292,220,10121472,636664,100M,0,4,24,25
64,10092772258,474,542,41339994370,106.7401009,29.60490292,310,10121472,636664,100M,0,4,24,25
65,10092773256,83,543,41339998464,106.7335166,29.60721681,40,10121472,636664,100M,6,4,24,30
66,10092773257,74,544,41339998465,106.7335166,29.60721681,190,10121472,636664,100M,6,4,24,30
67,10092773258,18,545,41339998466,106.7335166,29.60721681,300,10121472,636664,100M,6,4,24,30
68,10092774256,143,174,41340002560,106.7304354,29.60627853,140,10121472,636664,100M,0,4,24,25
69,10092774257,105,175,41340002561,106.7304354,29.60627853,230,10121472,636664,100M,0,4,24,25
70,10092774259,17,156,41340002563,106.72998,29.60336583,40,10121472,636664,100M,0,4,24,18
71,10092774260,58,106,41340002564,106.72998,29.60336583,130,10121472,636664,100M,0,4,24,18
72,10092774261,143,107,41340002565,106.72998,29.60336583,260,10121472,636664,100M,0,4,24,18
73,10092774262,39,105,41340002566,106.72998,29.60336583,320,10121472,636664,100M,0,4,24,18
74,10092778256,487,534,41340018944,106.7234598,29.59000089,40,10121472,636664,100M,0,4,24,21
75,10092778257,97,535,41340018945,106.7234598,29.59000089,290,10121472,636664,100M,0,4,24,21
76,10092778259,165,153,41340018947,106.7217341,29.59872567,100,10121472,636664,100M,0,4,24,15
77,10092778260,203,154,41340018948,106.7217341,29.59872567,240,10121472,636664,100M,0,4,24,15
78,10092778261,1,155,41340018949,106.7217341,29.59872567,320,10121472,636664,100M,0,4,24,15
79,10092787257,15,121,41340055809,106.7562544,29.60909423,180,10121472,636664,100M,0,4,24,23
80,10092787258,22,272,41340055810,106.7562544,29.60909423,240,10121472,636664,100M,0,4,24,23
81,10092798256,81,501,41340100864,106.7471402,29.60702207,70,10121472,636664,100M,6,4,24,30
82,10092798257,1366,502,41340100865,106.7471402,29.60702207,170,10121472,636664,100M,6,5,24,30
83,10092798258,847,503,41340100866,106.7471402,29.60702207,340,10121472,636664,100M,6,12,24,30
84,10092806262,7,618,41340133638,106.7375231,29.56486882,70,10116864,636664,100M,6,3,24,11
85,10092820258,24,404,41340190978,106.7334238,29.56580322,350,10116864,636664,100M,6,3,24,25
86,10092834256,23,462,41340248320,106.7247001,29.57508246,80,10116864,636664,100M,0,4,24,20
87,10092852256,181,390,41340322048,106.7331577,29.59032897,70,10121472,636664,100M,6,4,24,30
88,10092852257,337,391,41340322049,106.7331577,29.59032897,180,10121472,636664,100M,6,4,24,30
89,10092852258,331,392,41340322050,106.7331577,29.59032897,280,10121472,636664,100M,6,4,24,30
90,10092852259,1627,884,41340322051,106.7284337,29.58637261,30,10121472,636664,100M,0,5,24,25
91,10092852260,399,319,41340322052,106.7284337,29.58637261,140,10121472,636664,100M,0,5,24,25
92,10092852261,680,888,41340322053,106.7284337,29.58637261,230,10121472,636664,100M,0,5,24,25
93,10092855257,5,478,41340334337,106.719381,29.58874222,110,10121472,636664,100M,0,6,24,26
94,10092855258,7,479,41340334338,106.719381,29.58874222,230,10121472,636664,100M,0,6,24,26
95,10092855259,69,102,41340334339,106.7203603,29.59435713,70,10121472,636664,100M,0,5,24,19
96,10092855260,288,103,41340334340,106.7203603,29.59435713,190,10121472,636664,100M,0,5,24,19
97,10092855261,46,104,41340334341,106.7203603,29.59435713,310,10121472,636664,100M,6,5,24,19
98,10092856256,111,444,41340338432,106.7404328,29.60047478,10,10121472,636664,100M,6,4,24,30
99,10092856257,53,445,41340338433,106.7404328,29.60047478,260,10121472,636664,100M,6,4,24,30
100,10092856259,26,555,41340338435,106.7371267,29.6093632,80,10121472,636664,100M,0,9,24,25
101,10092856260,157,556,41340338436,106.7371267,29.6093632,170,10121472,636664,100M,0,9,24,25
102,10092856261,25,557,41340338437,106.7371267,29.6093632,260,10121472,636664,100M,0,9,24,25
103,10092868260,17,451,41340387588,106.7238686,29.53554467,180,10116864,636664,100M,0,4,24,16
104,10092900259,356,820,41340518659,106.7265568,29.59806787,0,10121472,636664,100M,0,5,24,28
105,10092900260,144,867,41340518660,106.7265568,29.59806787,160,10121472,636664,100M,0,5,24,28
106,10092900261,522,821,41340518661,106.7265568,29.59806787,280,10121472,636664,100M,0,5,24,28
107,10092900262,418,97,41340518662,106.7211656,29.60340201,150,10121472,636664,100M,6,3,24,29
108,10092900263,76,98,41340518663,106.7211656,29.60340201,240,10121472,636664,100M,6,3,24,29
109,10092921259,53,509,41340604675,106.7145779,29.56892368,50,10116864,636664,100M,6,10,24,52
110,10092923256,2003,75,41340612864,106.7384374,29.58485182,130,10121472,636664,100M,6,2,24,25
111,10092923257,1781,76,41340612865,106.7384374,29.58485182,220,10121472,636664,100M,6,2,24,25
112,10092923258,192,77,41340612866,106.7384374,29.58485182,340,10121472,636664,100M,6,2,24,25
113,10092923259,48,1005,41340612867,106.7343815,29.5861872,50,10121472,636664,100M,6,12,24,99
114,10092923260,65,1006,41340612868,106.7343815,29.5861872,150,10121472,636664,100M,6,12,24,99
115,10092923261,21,233,41340612869,106.7343815,29.5861872,250,10121472,636664,100M,6,12,24,99
116,10092923262,1767,327,41340612870,106.7391397,29.58773388,20,10121472,636664,100M,0,4,24,5
117,10092923263,4144,329,41340612871,106.7391397,29.58773388,110,10121472,636664,100M,0,4,24,5
118,10092923264,828,328,41340612872,106.7391397,29.58773388,280,10121472,636664,100M,6,3,24,5
119,10092950256,22,262,41340723456,106.7257012,29.60304728,130,10121472,636664,100M,6,13,24,24
120,10092950257,99,263,41340723457,106.7257012,29.60304728,210,10121472,636664,100M,0,4,24,24
121,10092950258,18,261,41340723458,106.7257012,29.60304728,320,10121472,636664,100M,0,4,24,24
122,10092950260,42,448,41340723460,106.7188475,29.60316285,220,10121472,636664,100M,0,7,24,21
123,10092971256,42,187,41340809472,106.7345229,29.59938429,70,10121472,636664,100M,6,4,24,30
124,10092971257,114,756,41340809473,106.7345229,29.59938429,170,10121472,636664,100M,6,4,24,30
125,10092971259,957,528,41340809475,106.7386668,29.60218729,30,10121472,636664,100M,6,12,24,35
126,10092971260,101,529,41340809476,106.7386668,29.60218729,150,10121472,636664,100M,6,8,24,35
127,10092971261,335,530,41340809477,106.7386668,29.60218729,270,10121472,636664,100M,6,12,24,35
128,10092971384,967,188,41340809600,106.7345229,29.59938429,270,10121472,636664,100M,6,4,24,30
129,10092972256,172,151,41340813568,106.7307797,29.59483128,30,10121472,636664,100M,6,3,24,25
130,10092972257,193,150,41340813569,106.7307797,29.59483128,180,10121472,636664,100M,6,3,24,25
131,10092972258,574,152,41340813570,106.7307797,29.59483128,290,10121472,636664,100M,6,3,24,25
132,10092972259,140,412,41340813571,106.7326812,29.60311844,320,10121472,636664,100M,0,4,24,28
133,10092972260,185,828,41340813572,106.7326812,29.60311844,190,10121472,636664,100M,0,4,24,28
134,10092972261,231,413,41340813573,106.7326812,29.60311844,130,10121472,636664,100M,0,4,24,28
135,10092973256,560,119,41340817664,106.7348652,29.59423106,80,10121472,636664,100M,6,4,24,30
136,10092973257,983,401,41340817665,106.7367413,29.60176158,270,10121472,636664,100M,6,3,24,30
137,10092973258,349,913,41340817666,106.7348652,29.59423106,350,10121472,636664,100M,6,4,24,30
138,10092973259,22,399,41340817667,106.7367413,29.60176158,350,10121472,636664,100M,6,3,24,30
139,10092973260,173,400,41340817668,106.7367413,29.60176158,120,10121472,636664,100M,6,3,24,30
140,10092973261,445,912,41340817669,106.7348652,29.59423106,240,10121472,636664,100M,6,4,24,30
141,10092973262,239,656,41340817670,106.7389272,29.59498533,40,10121472,636664,100M,0,6,24,29
142,10092973263,293,655,41340817671,106.7389272,29.59498533,180,10121472,636664,100M,0,6,24,29
143,10092973264,372,654,41340817672,106.7389272,29.59498533,300,10121472,636664,100M,0,6,24,29
144,10092974256,368,161,41340821760,106.7363307,29.59069261,130,10121472,636664,100M,6,2,24,20
145,10092974257,383,159,41340821761,106.7363307,29.59069261,240,10121472,636664,100M,6,2,24,20
146,10092974258,247,160,41340821762,106.7363307,29.59069261,330,10121472,636664,100M,6,2,24,20
147,10092974259,105,483,41340821763,106.7375267,29.59780488,50,10121472,636664,100M,6,3,24,25
148,10092974260,1680,484,41340821764,106.7375267,29.59780488,210,10121472,636664,100M,6,3,24,25
149,10092974261,537,485,41340821765,106.7375267,29.59780488,320,10121472,636664,100M,6,3,24,25
150,10092991256,88,398,41340891392,106.7444096,29.59183474,0,10121472,636664,100M,0,6,24,25
151,10092991257,967,397,41340891393,106.7443975,29.59185171,120,10121472,636664,100M,0,6,24,25
152,10092991258,895,396,41340891394,106.7444096,29.59183474,270,10121472,636664,100M,0,6,24,25
153,10093014256,50,210,41340985600,106.722996,29.57585019,70,10116864,636664,100M,0,6,24,22
154,10093014261,20,334,41340985605,106.7180325,29.58480018,0,10121472,636664,100M,6,3,24,28
155,10093014262,25,335,41340985606,106.7180325,29.58480018,100,10121472,636664,100M,6,3,24,28
156,10093046256,7,117,41341116672,106.7202016,29.57127275,40,10116864,636664,100M,0,4,24,12
157,10093074256,6,901,41341231360,106.7157089,29.55939207,20,10116864,636664,100M,0,4,24,27
158,10093080256,22,111,41341255936,106.7273004,29.57507482,90,10116864,636664,100M,0,4,24,24
159,10093085257,28,864,41341276417,106.7223081,29.56860291,140,10116864,636664,100M,6,6,24,30
160,10093088256,292,386,41341288704,106.7323567,29.57078451,20,10116864,636664,100M,0,8,24,28
161,10093088257,265,384,41341288705,106.7323567,29.57078451,130,10116864,636664,100M,6,13,24,28
162,10093091256,73,994,41341300992,106.7149144,29.57674545,70,10116864,636664,100M,0,4,24,28
163,10093275259,35,309,41342054659,106.7166158,29.59968186,70,10121472,636664,100M,0,4,24,18
164,10093275260,77,310,41342054660,106.7166158,29.59968186,170,10121472,636664,100M,6,13,24,18
165,10093276256,251,467,41342058752,106.7153417,29.58909644,70,10121472,636664,100M,0,4,24,21
166,10093320259,40,21,41342238979,106.7122183,29.56377016,80,10116864,636664,100M,3,15,24,81
169,1.01E+11,151,548,41339196418,106.7756084,29.59810347,300,10121472,426000,40M,6,2,3,20
170,1.01E+11,75,531,41339196419,106.7748868,29.57718836,30,10121472,426000,40M,0,4,3,26
171,1.01E+11,1053,533,41339196421,106.7748868,29.57718836,260,10121472,426000,40M,0,4,3,26
172,1.01E+11,3,629,41339200514,106.7695031,29.58378737,290,10121472,426000,40M,0,5,3,28
173,1.01E+11,8,545,41340064770,106.7793202,29.63444402,290,10121472,426000,40M,6,0,17.5,24
174,1.01E+11,161,840,41341248643,106.7171179,29.56957861,360,10116864,427980,20M,0,45,3,87
175,1.01E+11,9,692,41342289026,106.7277032,29.5777817,360,10116864,427980,20M,0,0,3,3
176,1.01E+11,9,681,41342289028,106.734875,29.58164711,360,10116864,427980,20M,0,0,3,3
177,1.01E+11,16,665,41342469252,106.726795,29.57736872,360,10116864,427980,20M,0,0,3,3
178,1.01E+11,117,666,41342534787,106.7304899,29.5839227,360,10121472,427980,20M,0,0,69,3
179,1.01E+11,29,733,41342534790,106.7387721,29.5897848,360,10121472,427980,20M,0,0,3,3
180,1.01E+11,75,661,41342645377,106.741359,29.58900354,360,10121472,427980,20M,0,0,3,3
181,1.01E+11,79,774,41342645382,106.741359,29.58900354,360,10121472,427980,20M,0,0,3,3
182,1.01E+11,7,849,41342645384,106.741359,29.58900354,360,10121472,427980,20M,0,0,3,3
183,1.01E+11,19,732,41342784642,106.7372721,29.58679757,360,10121472,427980,20M,0,0,3,24
184,1.01E+11,34,748,41342784645,106.7418235,29.58689942,360,10121472,427980,20M,0,0,3,3
185,1.01E+11,2,693,41342784648,106.7418235,29.58689942,360,10121472,427980,20M,0,0,3,3
186,1.01E+11,15,316,41342952449,106.7355987,29.52584461,5,10119424,426000,40M,0,4,15,17
187,1.01E+11,525,438,41342964736,106.7539863,29.58237181,40,10119424,426000,40M,0,4,15,12
188,1.01E+11,167,84,41342964737,106.7566742,29.58628983,140,10119424,426000,40M,0,4,15,25
189,1.01E+11,4,236,41342968832,106.7672021,29.60709752,40,10119424,426000,40M,0,4,17.5,15
190,1.01E+11,17,222,41363178499,106.689784,29.65895169,30,10096896,426000,40M,13,13,15,26
191,1.01E+11,6,323,41363198977,106.6925761,29.65059445,190,10096896,427980,20M,0,8,17.5,21
